bank,series,count
AC Schnitzer,AC Schnitzer M3,1
AC Schnitzer,AC Schnitzer X5,1
ALPINA,ALPINA B4,1
阿尔法·罗密欧,Giulia,10
阿尔法·罗密欧,Stelvio,4
阿尔法·罗密欧,ALFA 156 (停售),1
阿尔法·罗密欧,ALFA GT (停售),1
阿斯顿·马丁,Rapide,9
阿斯顿·马丁,V8 Vantage,17
阿斯顿·马丁,V12 Vantage,6
阿斯顿·马丁,阿斯顿·马丁DB9,16
阿斯顿·马丁,Vanquish,7
阿斯顿·马丁,阿斯顿·马丁DB11,10
阿斯顿·马丁,阿斯顿·马丁DBS,5
阿斯顿·马丁,Virage,2
阿斯顿·马丁,拉共达Taraf (停售),1
阿斯顿·马丁,V12 Zagato (停售),1
奥迪,奥迪A3,80
奥迪,奥迪A4L,93
奥迪,奥迪A6L,108
奥迪,奥迪A6L新能源,1
奥迪,奥迪Q2L,6
奥迪,奥迪Q3,53
奥迪,奥迪Q5L,6
奥迪,奥迪Q5,46
奥迪,奥迪A4 (停售),45
奥迪,奥迪A6 (停售),12
奥迪,奥迪RS 4,1
奥迪,奥迪RS 3,1
奥迪,奥迪RS 6,2
奥迪,奥迪RS 7,3
奥迪,奥迪R8,12
奥迪,奥迪TT RS,1
奥迪,奥迪RS 5,3
奥迪,奥迪A1,19
奥迪,奥迪A3(进口),22
奥迪,奥迪A3新能源(进口),3
奥迪,奥迪S3,4
奥迪,奥迪A4(进口),8
奥迪,奥迪A5,71
奥迪,奥迪S4,1
奥迪,奥迪S5,13
奥迪,奥迪A6(进口),10
奥迪,奥迪S6,4
奥迪,奥迪A7,29
奥迪,奥迪S7,3
奥迪,奥迪A8,95
奥迪,奥迪S8,6
奥迪,奥迪Q7,72
奥迪,奥迪Q7新能源,1
奥迪,奥迪TT,38
奥迪,奥迪TTS,10
奥迪,奥迪Q5(进口),8
奥迪,奥迪SQ5,2
奥迪,奥迪Q3(进口),4
巴博斯,巴博斯 smart forfour,1
巴博斯,巴博斯 smart fortwo,6
巴博斯,巴博斯 SLK级,1
巴博斯,巴博斯 CLS级,1
巴博斯,巴博斯 S级,6
巴博斯,巴博斯 M级,1
宝骏,宝骏E100,4
宝骏,宝骏E200,2
宝骏,宝骏310,10
宝骏,宝骏310W,6
宝骏,宝骏510,10
宝骏,宝骏530,8
宝骏,宝骏360,5
宝骏,宝骏730,37
宝骏,宝骏560,22
宝骏,乐驰 (停售),41
宝骏,宝骏330 (停售),2
宝骏,宝骏610 (停售),8
宝骏,宝骏630 (停售),31
宝马,宝马1系,10
宝马,宝马2系旅行车,9
宝马,宝马3系,144
宝马,宝马5系,119
宝马,宝马5系新能源,4
宝马,宝马X1,47
宝马,宝马X1新能源,3
宝马,宝马X3,6
宝马,宝马i3,8
宝马,宝马1系(进口),37
宝马,宝马3系GT,27
宝马,宝马4系,67
宝马,宝马5系(进口),31
宝马,宝马6系,37
宝马,宝马6系GT,3
宝马,宝马7系,67
宝马,宝马7系新能源,5
宝马,宝马X2,5
宝马,宝马X4,10
宝马,宝马X5,51
宝马,宝马X5新能源,2
宝马,宝马X6,28
宝马,宝马2系多功能旅行车,4
宝马,宝马2系,20
宝马,宝马i8,3
宝马,宝马3系(进口),60
宝马,宝马X3(进口),32
宝马,宝马Z4,22
宝马,宝马2系旅行车(进口),3
宝马,宝马X1(进口),6
宝马,宝马5系GT (停售),24
宝马,宝马M3,14
宝马,宝马M4,15
宝马,宝马M5,5
宝马,宝马M6,7
宝马,宝马X5 M,3
宝马,宝马X6 M,3
宝马,宝马M2,3
宝马,宝马1系M (停售),1
宝沃,宝沃BX5,24
宝沃,宝沃BX6,2
宝沃,宝沃BX7,29
宝沃,宝沃BXi7,2
保时捷,Panamera,37
保时捷,Panamera新能源,6
保时捷,Macan,12
保时捷,Cayenne,33
保时捷,保时捷718,10
保时捷,保时捷911,108
保时捷,Cayenne新能源,2
保时捷,918 Spyder (停售),2
保时捷,Boxster (停售),14
保时捷,Cayman (停售),13
北京,北京(BJ)20,12
北京,北京BJ40,25
北京,北京BJ80,8
北京,北京汽车E系列 (停售),17
北京清行,清行400,2
北汽昌河,北斗星X5E,2
北汽昌河,昌河北斗星,3
北汽昌河,北汽昌河A6,6
北汽昌河,北汽昌河Q25,9
北汽昌河,北汽昌河Q35,13
北汽昌河,北汽昌河Q7,10
北汽昌河,北汽昌河M70,5
北汽昌河,北汽昌河M50,28
北汽昌河,福瑞达K21,8
北汽昌河,福瑞达K22,8
北汽昌河,爱迪尔 (停售),10
北汽昌河,福瑞达 (停售),37
北汽昌河,福运 (停售),2
北汽道达,道达V8,3
北汽幻速,北汽幻速S2,20
北汽幻速,北汽幻速S3,24
北汽幻速,北汽幻速S5,8
北汽幻速,北汽幻速S6,15
北汽幻速,北汽幻速S7,7
北汽幻速,北汽幻速H3,7
北汽幻速,北汽幻速H5,2
北汽幻速,北汽幻速H2,8
北汽幻速,北汽幻速H2V,2
北汽幻速,北汽幻速H6,6
北汽绅宝,绅宝智道,1
北汽绅宝,绅宝D50,25
北汽绅宝,绅宝D70,11
北汽绅宝,绅宝X25,7
北汽绅宝,绅宝X35,6
北汽绅宝,绅宝X65,6
北汽绅宝,绅宝智行,6
北汽绅宝,绅宝X55,8
北汽绅宝,绅宝D20 (停售),21
北汽绅宝,绅宝CC (停售),5
北汽绅宝,绅宝D60 (停售),5
北汽绅宝,绅宝D80 (停售),3
北汽威旺,北汽威旺S50,12
北汽威旺,北汽威旺M50F,7
北汽威旺,北汽威旺M60,4
北汽威旺,北汽威旺306,38
北汽威旺,北汽威旺M20,23
北汽威旺,北汽威旺M30,9
北汽威旺,北汽威旺307,21
北汽威旺,北汽威旺205 (停售),9
北汽威旺,北汽威旺M35 (停售),4
北汽威旺,北汽威旺T205-D (停售),3
北汽威旺,北汽007 (停售),4
北汽新能源,EC系列,6
北汽新能源,EU系列,10
北汽新能源,EX系列,7
北汽新能源,EV系列,11
北汽新能源,EH系列,2
北汽新能源,北汽新能源ES210 (停售),1
北汽制造,战旗,19
北汽制造,BJ 212,12
北汽制造,北京BW007,10
北汽制造,勇士,16
北汽制造,陆霸,3
北汽制造,越铃,7
北汽制造,锐铃,14
北汽制造,勇士皮卡,13
北汽制造,战旗皮卡,9
北汽制造,骑士S12 (停售),5
北汽制造,陆铃 (停售),1
奔驰,奔驰A级,5
奔驰,奔驰C级,101
奔驰,奔驰E级,123
奔驰,奔驰GLA,21
奔驰,奔驰GLC,27
奔驰,奔驰C级新能源 (停售),2
奔驰,奔驰GLK级 (停售),15
奔驰,奔驰V级,11
奔驰,威霆,17
奔驰,凌特,14
奔驰,唯雅诺 (停售),17
奔驰,奔驰A级(进口),32
奔驰,奔驰B级,28
奔驰,奔驰CLA级,33
奔驰,奔驰C级(进口),43
奔驰,奔驰E级(进口),50
奔驰,奔驰CLS级,28
奔驰,奔驰S级,75
奔驰,奔驰S级新能源,2
奔驰,奔驰GLC(进口),9
奔驰,奔驰GLE,31
奔驰,奔驰G级,12
奔驰,奔驰GLS,19
奔驰,奔驰R级,25
奔驰,奔驰SLC级,6
奔驰,奔驰SL级,16
奔驰,奔驰GLE新能源,2
奔驰,奔驰GLA(进口),3
奔驰,Sprinter,1
奔驰,威霆(进口),4
奔驰,奔驰GLK级(进口) (停售),7
奔驰,奔驰M级 (停售),25
奔驰,奔驰GL级 (停售),13
奔驰,唯雅诺(进口) (停售),6
奔驰,奔驰CLK级 (停售),8
奔驰,奔驰CL级 (停售),1
奔驰,奔驰SLK级 (停售),19
奔驰,奔驰A级AMG,7
奔驰,奔驰CLA级AMG,6
奔驰,奔驰C级AMG,18
奔驰,奔驰CLS级AMG,5
奔驰,奔驰E级AMG,3
奔驰,奔驰S级AMG,11
奔驰,奔驰GLA AMG,5
奔驰,奔驰GLC AMG,8
奔驰,奔驰GLE AMG,6
奔驰,奔驰G级AMG,11
奔驰,奔驰GLS AMG,2
奔驰,AMG GT,7
奔驰,奔驰SLK级AMG,2
奔驰,奔驰SL级AMG,2
奔驰,奔驰M级AMG (停售),5
奔驰,奔驰GL级AMG (停售),2
奔驰,奔驰SLS级AMG (停售),3
奔驰,迈巴赫S级,13
奔腾,奔腾T77,7
奔腾,奔腾B30,17
奔腾,奔腾B30EV,2
奔腾,奔腾B50,44
奔腾,奔腾B70,67
奔腾,奔腾B90,23
奔腾,奔腾X40,28
奔腾,奔腾X40新能源,2
奔腾,奔腾X80,37
本田,杰德,19
本田,思域,46
本田,哥瑞,5
本田,竞瑞,5
本田,INSPIRE,14
本田,思铂睿,23
本田,本田XR-V,10
本田,本田CR-V,71
本田,本田UR-V,5
本田,艾力绅,13
本田,飞度,40
本田,锋范,19
本田,凌派,24
本田,雅阁,106
本田,缤智,15
本田,冠道,9
本田,奥德赛,58
本田,锋范经典 (停售),16
本田,思迪 (停售),10
本田,歌诗图 (停售),12
本田,飞度(进口),1
本田,INSIGHT,1
本田,里程,1
本田,本田CR-Z,1
本田,时韵 (停售),1
比速汽车,比速T3,6
比速汽车,比速T5,7
比速汽车,比速M3,7
比亚迪,比亚迪F0,24
比亚迪,比亚迪e5,8
比亚迪,比亚迪F3,55
比亚迪,秦,18
比亚迪,秦Pro,6
比亚迪,秦Pro新能源,12
比亚迪,速锐,36
比亚迪,元,21
比亚迪,元新能源,7
比亚迪,宋,41
比亚迪,宋新能源,15
比亚迪,比亚迪S7,23
比亚迪,唐,5
比亚迪,唐新能源,12
比亚迪,比亚迪e6,8
比亚迪,比亚迪M6,19
比亚迪,宋MAX,15
比亚迪,比亚迪G5,6
比亚迪,比亚迪S6,42
比亚迪,福莱尔 (停售),11
比亚迪,比亚迪F3R (停售),16
比亚迪,比亚迪F3新能源 (停售),2
比亚迪,比亚迪G3 (停售),15
比亚迪,比亚迪G3R (停售),2
比亚迪,比亚迪L3 (停售),18
比亚迪,比亚迪F6 (停售),21
比亚迪,比亚迪G6 (停售),16
比亚迪,思锐 (停售),7
比亚迪,比亚迪S8 (停售),4
标致,标致301,17
标致,标致308,39
标致,标致308S,7
标致,标致408,60
标致,标致2008,22
标致,标致3008,33
标致,标致4008,18
标致,标致5008,16
标致,标致508,30
标致,标致206 (停售),17
标致,标致207 (停售),43
标致,标致307 (停售),72
标致,标致308(进口),11
标致,标致3008(进口),2
标致,标致RCZ,6
标致,标致206(进口) (停售),2
标致,标致207(进口) (停售),7
标致,标致307(进口) (停售),5
标致,标致407 (停售),15
标致,标致607 (停售),3
标致,标致4008(进口) (停售),9
别克,VELITE 5,2
别克,凯越,54
别克,威朗,36
别克,英朗,80
别克,阅朗,6
别克,君威,68
别克,君越,73
别克,昂科拉,29
别克,昂科威,33
别克,别克GL6,10
别克,别克GL8,46
别克,林荫大道 (停售),13
别克,荣御 (停售),4
别克,昂科雷,9
宾利,慕尚,11
宾利,飞驰,21
宾利,添越,5
宾利,欧陆,45
宾利,雅致 (停售),3
布加迪,威航,3
长安,奔奔,21
长安,奔奔EV,15
长安,悦翔V3,11
长安,悦翔,24
长安,逸动,67
长安,逸动DT,9
长安,逸动XT,50
长安,逸动新能源,17
长安,睿骋,35
长安,睿骋CC,10
长安,长安CS15,8
长安,长安CS15EV,4
长安,长安CS35,48
长安,长安CS35 PLUS,8
长安,长安CS55,17
长安,长安CS75,61
长安,长安CS75 PHEV,3
长安,长安CS95,11
长安,凌轩,9
长安,奔奔i (停售),16
长安,奔奔LOVE (停售),5
长安,奔奔MINI (停售),17
长安,长安CX20 (停售),12
长安,悦翔V5 (停售),5
长安,长安CX30 (停售),22
长安,悦翔V7 (停售),34
长安,志翔 (停售),7
长安,杰勋 (停售),7
长安跨越,长安V3,4
长安跨越,长安V5,6
长安跨越,跨越王,4
长安跨越,新豹MINI,8
长安欧尚,欧尚长行,1
长安欧尚,欧尚长行EV,1
长安欧尚,奔奔mini-e,2
长安欧尚,欧力威EV,2
长安欧尚,欧尚X70A,5
长安欧尚,长安CX70,23
长安欧尚,欧尚,16
长安欧尚,欧尚A800,23
长安欧尚,欧尚EV,1
长安欧尚,长安之星3,7
长安欧尚,长安之星9,3
长安欧尚,长安之星9新能源,2
长安欧尚,欧诺,25
长安欧尚,欧诺新能源,1
长安欧尚,长安星卡,19
长安欧尚,长安星卡新能源,2
长安欧尚,欧力威 (停售),11
长安欧尚,长安星光 (停售),7
长安欧尚,长安之星 (停售),14
长安欧尚,长安之星2 (停售),10
长安欧尚,长安之星7 (停售),3
长安欧尚,长安之星S460 (停售),6
长安欧尚,金牛星 (停售),7
长安轻型车,睿行S50,19
长安轻型车,睿行S50T,3
长安轻型车,神骐T20,85
长安轻型车,睿行EM80,2
长安轻型车,睿行M70,17
长安轻型车,睿行M80,33
长安轻型车,睿行M90,39
长安轻型车,神骐F30,37
长安轻型车,长安星光4500 (停售),4
长安轻型车,尊行 (停售),5
长安轻型车,神骐F50 (停售),4
长城,长城C30新能源,5
长城,风骏5,112
长城,风骏6,20
长城,风骏3,22
长城,长城精灵 (停售),10
长城,长城C20R (停售),4
长城,长城M2 (停售),11
长城,酷熊 (停售),6
长城,凌傲 (停售),15
长城,炫丽 (停售),27
长城,长城C30 (停售),40
长城,长城C50 (停售),14
长城,长城M1 (停售),8
长城,长城M4 (停售),10
长城,赛弗 (停售),11
长城,赛影 (停售),8
长城,长城V80 (停售),24
长城,嘉誉 (停售),17
长城,金迪尔 (停售),7
成功汽车,成功V1,7
成功汽车,成功V2,10
成功汽车,成功V2E,2
成功汽车,成功K1,6
成功汽车,成功K2,6
成功汽车,成功X1,1
DS,DS 4S,11
DS,DS 5LS,26
DS,DS 5,19
DS,DS 6,26
DS,DS 7,7
DS,DS 3经典,6
DS,DS 4,2
DS,DS 5(进口),3
大乘汽车,大乘G70s,4
大发,森雅 (停售),13
大众,途观L新能源,2
大众,Polo,100
大众,桑塔纳,53
大众,朗行,29
大众,朗逸,80
大众,凌渡,24
大众,帕萨特,101
大众,帕萨特新能源,2
大众,辉昂,22
大众,途观,56
大众,途岳,10
大众,途观L,22
大众,途昂,9
大众,途安,71
大众,朗境,10
大众,高尔 (停售),7
大众,Passat领驭 (停售),26
大众,桑塔纳经典 (停售),7
大众,桑塔纳志俊 (停售),18
大众,捷达,57
大众,宝来,93
大众,高尔夫,95
大众,速腾,115
大众,C-TREK蔚领,16
大众,高尔夫·嘉旅,20
大众,迈腾,104
大众,一汽-大众CC,44
大众,T-ROC探歌,8
大众,探岳,10
大众,宝来/宝来经典 (停售),37
大众,开迪 (停售),6
大众,甲壳虫,59
大众,高尔夫(进口),17
大众,高尔夫新能源(进口),2
大众,蔚揽,16
大众,Tiguan,20
大众,途锐,59
大众,夏朗,36
大众,迈特威,27
大众,凯路威,20
大众,尚酷,19
大众,大众up!,3
大众,Passat,6
大众,大众CC,5
大众,大众Eos,6
大众,大众e-up! (停售),1
大众,迈腾(进口) (停售),7
大众,辉腾 (停售),36
道奇,凯领 (停售),3
道奇,酷威,10
道奇,锋哲,2
道奇,道奇Ram,3
道奇,酷搏 (停售),7
电咖,电咖·EV10,6
东风,俊风ER30,1
东风,俊风E11K,1
东风,俊风E17,1
东风,御风S16,6
东风,御风,80
东风,御风EV,4
东风,东风皮卡,36
东风,虎视,4
东风,御风P16,12
东风,猛士,1
东风,俊风CV03 (停售),8
东风,帅客,44
东风,帅客新能源,2
东风,俊风,2
东风,锐骐6,12
东风,锐骐多功能车,19
东风,锐骐皮卡,86
东风,奥丁 (停售),13
东风,御轩 (停售),9
东风·瑞泰特,东风·瑞泰特EM10,1
东风·瑞泰特,东风·瑞泰特EM30,1
东风风度,东风风度MX5,5
东风风度,东风风度MX6,16
东风风光,东风风光S560,23
东风风光,东风风光580,19
东风风光,东风风光ix5,7
东风风光,东风风光370,26
东风风光,东风风光330,16
东风风光,东风风光360 (停售),21
东风风光,东风风光 (停售),5
东风风光,东风风光350 (停售),1
东风风神,东风风神A60,27
东风风神,东风风神A30,7
东风风神,东风风神E70,2
东风风神,东风风神L60,5
东风风神,东风A9,3
东风风神,东风风神AX3,12
东风风神,东风风神AX4,8
东风风神,东风风神AX5,9
东风风神,东风风神AX7,25
东风风神,东风风神E30 (停售),3
东风风神,东风风神H30 (停售),38
东风风神,东风风神S30 (停售),35
东风风行,风行S50EV,5
东风风行,景逸S50,24
东风风行,风行SX6,15
东风风行,风行T5,11
东风风行,景逸X3,12
东风风行,景逸X5,35
东风风行,景逸X6,8
东风风行,风行CM7,24
东风风行,风行F600,11
东风风行,风行S500,16
东风风行,菱智,249
东风风行,菱智M5EV,5
东风风行,景逸 (停售),79
东风风行,景逸SUV (停售),4
东风风行,景逸XV (停售),4
东风小康,东风小康C36,5
东风小康,东风小康C37,9
东风小康,东风小康EC36,1
东风小康,东风小康K05S,5
东风小康,东风小康K07S,19
东风小康,东风小康C31,14
东风小康,东风小康C32,14
东风小康,东风小康K01,17
东风小康,东风小康K02,14
东风小康,东风小康C35 (停售),1
东风小康,东风小康K07 (停售),8
东风小康,东风小康K07II (停售),6
东风小康,东风小康K17 (停售),4
东风小康,东风小康V07S (停售),3
东风小康,东风小康V27 (停售),7
东风小康,东风小康V29 (停售),3
东风小康,东风小康K06 (停售),2
东风小康,东风小康V21 (停售),8
东风小康,东风小康V22 (停售),8
东南,V3菱悦,64
东南,V5菱致,47
东南,东南DX3,30
东南,东南DX3新能源,5
东南,东南DX7,55
东南,V6菱仕 (停售),24
东南,菱帅 (停售),14
东南,希旺 (停售),7
东南,得利卡 (停售),10
法拉利,California T,3
法拉利,F12berlinetta,1
法拉利,812 Superfast,1
法拉利,GTC4Lusso,2
法拉利,Portofino,1
法拉利,法拉利488,3
法拉利,LaFerrari,1
法拉利,法拉利458 (停售),4
法拉利,法拉利599 (停售),1
法拉利,法拉利FF (停售),1
法拉利,法拉利360 (停售),2
法拉利,法拉利575M (停售),1
法拉利,法拉利612 (停售),1
法拉利,法拉利F430 (停售),3
菲亚特,菲翔,23
菲亚特,致悦,12
菲亚特,派朗 (停售),2
菲亚特,派力奥 (停售),23
菲亚特,西耶那 (停售),12
菲亚特,周末风 (停售),10
菲亚特,菲亚特500,8
菲亚特,菲跃,5
菲亚特,朋多,2
菲亚特,博悦,10
菲亚特,领雅,2
丰田,YARiS L 致享,11
丰田,YARiS L 致炫,26
丰田,雷凌,45
丰田,凯美瑞,94
丰田,丰田C-HR,10
丰田,汉兰达,62
丰田,逸致,20
丰田,雅力士 (停售),18
丰田,威驰,77
丰田,威驰FS,8
丰田,卡罗拉,103
丰田,皇冠,57
丰田,奕泽IZOA,3
丰田,RAV4荣放,62
丰田,普拉多,37
丰田,柯斯达,23
丰田,花冠 (停售),36
丰田,普锐斯 (停售),6
丰田,锐志 (停售),32
丰田,特锐 (停售),7
丰田,兰德酷路泽 (停售),22
丰田,埃尔法,11
丰田,普瑞维亚,7
丰田,HIACE,5
丰田,凯美瑞(海外),3
丰田,丰田RAV4(进口),5
丰田,FJ 酷路泽,4
丰田,Fortuner,2
丰田,汉兰达(进口),6
丰田,兰德酷路泽(进口),4
丰田,普拉多(进口),9
丰田,红杉,2
丰田,Sienna,8
丰田,丰田86,8
丰田,坦途,1
丰田,威飒 (停售),4
丰田,杰路驰 (停售),3
福迪,揽福,29
福迪,雄师F16,19
福迪,雄师F22,35
福迪,探索者Ⅱ (停售),1
福迪,探索者Ⅲ (停售),3
福迪,探索者6 (停售),2
福迪,小超人 (停售),5
福迪,雄狮 (停售),2
福汽启腾,启腾V60,3
福汽启腾,启腾EX80,10
福汽启腾,启腾M70,7
福汽启腾,启腾M70EV,2
福特,福克斯,133
福特,福睿斯,15
福特,金牛座,22
福特,蒙迪欧,49
福特,蒙迪欧新能源,6
福特,翼搏,22
福特,翼虎,39
福特,锐界,31
福特,嘉年华 (停售),55
福特,蒙迪欧-致胜 (停售),21
福特,致胜 (停售),2
福特,麦柯斯 (停售),9
福特,撼路者,18
福特,途睿欧,6
福特,全顺,21
福特,新世代全顺,84
福特,经典全顺 (停售),107
福特,福特GT,2
福特,福克斯(进口),10
福特,探险者,19
福特,Mustang,33
福特,Ranger,1
福特,福特F-150,7
福特,嘉年华(进口),1
福特,Kuga,2
福特,锐界(进口),10
福特,征服者,1
福特,福特E350,4
福田,风景V3,15
福田,风景V5,17
福田,祥菱M,20
福田,祥菱V,18
福田,风景G7,51
福田,风景G9,18
福田,福田风景,182
福田,蒙派克E,77
福田,蒙派克S,11
福田,图雅诺,28
福田,图雅诺EV,1
福田,萨普,44
福田,迷迪 (停售),40
福田乘用车,伽途GT,4
福田乘用车,萨瓦纳,131
福田乘用车,伽途im6,5
福田乘用车,伽途im8,6
福田乘用车,伽途ix5,8
福田乘用车,伽途ix7,7
福田乘用车,拓陆者,257
福田乘用车,伽途GT,4
福田乘用车,萨瓦纳,131
福田乘用车,伽途im6,5
福田乘用车,伽途im8,6
福田乘用车,伽途ix5,8
福田乘用车,伽途ix7,7
福田乘用车,拓陆者,257
GMC,YUKON,12
GMC,SAVANA,83
GMC,SIERRA,9
GMC,TERRAIN,1
观致,观致3,77
观致,观致5,19
光冈,女王,1
光冈,大蛇 (停售),1
光冈,嘉路 (停售),1
广汽传祺,传祺GA4,8
广汽传祺,传祺GA6,15
广汽传祺,传祺GA8,13
广汽传祺,传祺GS3,8
广汽传祺,传祺GS4,46
广汽传祺,传祺GS5,32
广汽传祺,传祺GS7,5
广汽传祺,传祺GS8,6
广汽传祺,传祺GM8,4
广汽传祺,传祺GA3 (停售),10
广汽传祺,传祺GA3S视界 (停售),10
广汽传祺,传祺GA5 (停售),32
广汽传祺,传祺GA5新能源 (停售),4
广汽传祺,传祺GS5 Super (停售),27
广汽吉奥,星旺,8
广汽吉奥,星旺CL,9
广汽吉奥,星旺L,2
广汽吉奥,星旺M1,2
广汽吉奥,星旺M2,2
广汽吉奥,财运100,32
广汽吉奥,财运300,8
广汽吉奥,财运500,7
广汽吉奥,广汽吉奥GP150,12
广汽吉奥,E美 (停售),3
广汽吉奥,奥轩G3 (停售),3
广汽吉奥,吉奥凯旋 (停售),1
广汽吉奥,凯睿 (停售),3
广汽吉奥,帅豹 (停售),4
广汽吉奥,帅威 (停售),2
广汽吉奥,奥轩G5 (停售),24
广汽吉奥,奥轩GX5 (停售),14
广汽吉奥,广汽吉奥GX6 (停售),4
广汽吉奥,帅驰 (停售),2
广汽吉奥,帅舰 (停售),5
广汽吉奥,星朗 (停售),15
广汽集团,广汽ix4,2
广汽集团,祺智EV,2
广汽集团,祺智PHEV,4
广汽新能源,传祺GA3S PHEV,2
广汽新能源,传祺GE3,7
广汽新能源,传祺GS4新能源,4
国金汽车,国金GM3,7
哈飞,哈飞小霸王,4
哈飞,骏意,6
哈飞,民意,8
哈飞,中意V5,2
哈飞,民意微卡,2
哈飞,路宝 (停售),28
哈飞,赛马 (停售),10
哈飞,赛豹III (停售),6
哈飞,赛豹V (停售),4
哈飞,路尊大霸王 (停售),5
哈弗,哈弗F7,2
哈弗,哈弗H1,38
哈弗,哈弗H2,56
哈弗,哈弗H2s,26
哈弗,哈弗F5,4
哈弗,哈弗H4,4
哈弗,哈弗H5,115
哈弗,哈弗H6,154
哈弗,哈弗H6 Coupe,47
哈弗,哈弗M6,13
哈弗,哈弗H7,15
哈弗,哈弗H8,20
哈弗,哈弗H9,23
哈弗,哈弗H3 (停售),66
海格,海格H4E,3
海格,海格H5C,9
海格,海格H5V,6
海格,海格H6C,4
海格,海格H6V,1
海格,海格H7V,1
海格,龙威,24
海格,御骏,11
海马,海马爱尚EV,3
海马,海马E3,5
海马,海马M3,42
海马,海马M6,14
海马,海马S5青春版,12
海马,海马S5,43
海马,福仕达腾达,4
海马,福仕达福卡,4
海马,海马爱尚 (停售),6
海马,海马王子 (停售),8
海马,福仕达鸿达 (停售),8
海马,福仕达荣达 (停售),9
海马,福美来,80
海马,福美来F5,5
海马,海马S7,24
海马,福美来F7,5
海马,海马M8,8
海马,福美来MPV,8
海马,海马V70,13
海马,普力马EV,1
海马,丘比特 (停售),24
海马,海福星 (停售),20
海马,海马3 (停售),5
海马,欢动 (停售),13
海马,海马骑士 (停售),16
海马,普力马 (停售),42
汉腾汽车,汉腾X5新能源,1
汉腾汽车,汉腾X5,9
汉腾汽车,汉腾X7,19
汉腾汽车,汉腾X7新能源,5
悍马,悍马H3 (停售),3
悍马,悍马H2 (停售),2
恒天,途腾T1,2
恒天,途腾T2,7
恒天,途腾T3,6
红旗,红旗L5,1
红旗,红旗H5,7
红旗,红旗H7,23
红旗,新明仕 (停售),1
红旗,红旗盛世 (停售),4
红星汽车,闪闪X2,4
华凯,华凯皮卡,16
华普,海锋 (停售),2
华普,海尚 (停售),4
华普,海炫 (停售),1
华普,海迅 (停售),13
华普,海域 (停售),13
华普,海悦 (停售),1
华普,华普海景 (停售),7
华骐,华骐300E,1
华颂,华颂7,7
华泰,圣达菲,21
华泰,圣达菲5,7
华泰,圣达菲7,4
华泰,宝利格,27
华泰,路盛E80,4
华泰,路盛E70 (停售),4
华泰,华泰B11 (停售),12
华泰,圣达菲经典 (停售),51
华泰,特拉卡 (停售),15
华泰新能源,华泰EV160B,1
华泰新能源,华泰EV160R,1
华泰新能源,路盛S1,2
华泰新能源,华泰iEV230,5
华泰新能源,华泰XEV260,5
黄海,瑞途,4
黄海,傲骏,5
黄海,大柴神,16
黄海,黄海N1,83
黄海,黄海N2,48
黄海,黄海N3,30
黄海,小柴神,3
黄海,旗胜V3,4
黄海,翱龙CUV (停售),5
黄海,旗胜F1 (停售),13
黄海,挑战者SUV (停售),4
Icona,Vulcano (停售),1
Jeep,北京JEEP (停售),6
Jeep,大切诺基 (停售),5
Jeep,自由侠,28
Jeep,指南者,9
Jeep,大指挥官,8
Jeep,指挥官,5
Jeep,自由光,20
Jeep,牧马人,54
Jeep,大切诺基(进口),73
Jeep,指南者(进口),41
Jeep,自由光(进口),6
Jeep,自由人,1
Jeep,自由客 (停售),19
Jeep,指挥官经典 (停售),4
Jeep,大切诺基 SRT,4
吉利汽车,金刚,53
吉利汽车,缤瑞,7
吉利汽车,帝豪,56
吉利汽车,帝豪GL,14
吉利汽车,帝豪新能源,14
吉利汽车,远景,48
吉利汽车,博瑞,28
吉利汽车,博瑞GE,5
吉利汽车,博瑞GE新能源,3
吉利汽车,缤越,5
吉利汽车,远景X1,4
吉利汽车,远景X3,6
吉利汽车,博越,25
吉利汽车,帝豪GS,23
吉利汽车,帝豪GSe,4
吉利汽车,远景S1,8
吉利汽车,远景SUV,12
吉利汽车,吉利GX2 (停售),7
吉利汽车,熊猫 (停售),54
吉利汽车,豪情 (停售),15
吉利汽车,吉利SC3 (停售),6
吉利汽车,吉利SC5-RV (停售),3
吉利汽车,金刚财富 (停售),6
吉利汽车,金鹰 (停售),21
吉利汽车,英伦C5 (停售),19
吉利汽车,优利欧 (停售),13
吉利汽车,自由舰 (停售),45
吉利汽车,海景 (停售),31
吉利汽车,吉利GC7 (停售),14
吉利汽车,经典帝豪 (停售),57
吉利汽车,吉利EC8 (停售),27
吉利汽车,吉利GX7 (停售),51
吉利汽车,吉利SX7 (停售),17
吉利汽车,豪情SUV (停售),8
吉利汽车,英伦TX4 (停售),4
吉利汽车,美人豹 (停售),8
吉利汽车,中国龙 (停售),2
江淮,江淮iEV6E,6
江淮,江淮iEV,8
江淮,江淮iEVA50,3
江淮,瑞风A60,5
江淮,江淮iEV7S,2
江淮,瑞风S2,24
江淮,瑞风S2mini,5
江淮,瑞风S3,34
江淮,瑞风S5,29
江淮,瑞风S7,39
江淮,瑞风M3,20
江淮,瑞风M4,32
江淮,瑞风M5,33
江淮,瑞风M6,3
江淮,瑞风R3,8
江淮,凌铃,6
江淮,星锐,36
江淮,江淮V7,8
江淮,帅铃T6,60
江淮,帅铃T8,16
江淮,瑞风,46
江淮,悦悦 (停售),19
江淮,和悦A13 (停售),3
江淮,和悦A13RS (停售),4
江淮,和悦A30 (停售),13
江淮,同悦 (停售),16
江淮,同悦RS (停售),19
江淮,和悦 (停售),40
江淮,宾悦 (停售),33
江淮,江淮iEV6S (停售),1
江淮,瑞鹰 (停售),35
江淮,瑞风M2 (停售),55
江淮,江淮K3 (停售),18
江淮,江淮K5 (停售),22
江淮,瑞铃 (停售),81
江淮,征途 (停售),3
江铃,域虎新能源,1
江铃,特顺,17
江铃,宝典,75
江铃,域虎3,16
江铃,域虎5,8
江铃,域虎7,40
江铃,宝威 (停售),4
江铃集团轻汽,骐铃T100,28
江铃集团轻汽,骐铃T5,68
江铃集团轻汽,骐铃T7,171
江铃集团轻汽,骐铃T3 (停售),4
江铃集团新能源,江铃E100B,2
江铃集团新能源,江铃E200L,4
江铃集团新能源,江铃E200N,4
江铃集团新能源,江铃E160,4
江铃集团新能源,江铃E400,3
捷豹,捷豹XEL,7
捷豹,捷豹XFL,13
捷豹,捷豹E-PACE,6
捷豹,捷豹XE,11
捷豹,捷豹XF,45
捷豹,捷豹XJ,61
捷豹,捷豹F-PACE,15
捷豹,捷豹I-PACE,4
捷豹,捷豹F-TYPE,30
捷豹,捷豹XK,10
捷豹,捷豹X-Type (停售),1
捷豹,捷豹S-Type (停售),4
捷途,捷途X70,8
金杯,金杯F50,9
金杯,阁瑞斯,110
金杯,金杯大海狮,44
金杯,金杯海狮,77
金杯,金杯快运,7
金杯,金杯S50 (停售),7
金杯,华晨金杯750,10
金杯,海狮X30L,24
金杯,小海狮X30,23
金杯,海星T20,12
金杯,海星T22,8
金杯,金杯T30,16
金杯,金杯T32,20
金杯,金杯T50,10
金杯,金杯T52,10
金杯,海狮S,8
金杯,海星A7 (停售),8
金杯,海星A9 (停售),3
金杯,智尚S35,6
金杯,金杯S70,9
金杯,西部牛仔,16
金杯,大力神K5,20
金杯,金典,26
金杯,小金牛,6
金杯,大力神,36
金杯,智尚S30 (停售),19
金杯,雷龙 (停售),11
金龙,金威,69
金龙,凯歌,28
金龙,凯锐浩克,9
金龙,凯特,8
金旅,金旅大海狮,2
金旅,金旅大海狮新能源,1
金旅,金旅海狮,8
金旅,金旅海狮新能源,3
九龙,艾菲新能源,3
九龙,艾菲,9
九龙,九龙A4,11
九龙,九龙A5,11
九龙,九龙A6,10
九龙,九龙C6,2
九龙,考斯特,2
九龙,大MPV (停售),5
君马汽车,君马MEET 3,8
君马汽车,君马S70,26
君马汽车,君马SEEK 5,8
KTM,X-BOW,1
卡尔森,卡尔森 CCA22,1
卡尔森,卡尔森 S级 (停售),2
卡尔森,卡尔森 GL级 (停售),2
卡升,卡升C10,4
卡升,卡升T6,1
卡升,卡升V-Class,1
卡升,卡升威霆,6
卡威,卡威W1新能源,1
卡威,路易斯,2
卡威,卡威K1,16
卡威,卡威K150GT,18
卡威,卡威W1 (停售),6
卡威,卡威K150 (停售),21
开瑞,开瑞K60,16
开瑞,开瑞K60EV,2
开瑞,开瑞K50,33
开瑞,开瑞K50EV,1
开瑞,优优,32
开瑞,优优2代,11
开瑞,优优EV,2
开瑞,优劲,48
开瑞,优劲EV,2
开瑞,优翼 (停售),3
开瑞,优派 (停售),3
开瑞,优胜 (停售),1
开瑞,优胜2代 (停售),10
开瑞,优雅 (停售),14
开瑞,优雅2代 (停售),5
开瑞,杰虎 (停售),12
凯迪拉克,凯迪拉克ATS-L,17
凯迪拉克,凯迪拉克CT6,16
凯迪拉克,凯迪拉克CT6 PLUG-IN,2
凯迪拉克,凯迪拉克XTS,29
凯迪拉克,凯迪拉克XT4,7
凯迪拉克,凯迪拉克XT5,19
凯迪拉克,SLS赛威 (停售),13
凯迪拉克,凯迪拉克CTS (停售),6
凯迪拉克,凯雷德ESCALADE,7
凯迪拉克,凯迪拉克ATS(进口),4
凯迪拉克,凯迪拉克CTS(进口),26
凯迪拉克,凯迪拉克SRX (停售),39
凯迪拉克,凯迪拉克XLR (停售),2
凯翼,凯翼C3,8
凯翼,凯翼C3R,8
凯翼,凯翼E3,10
凯翼,凯翼X3,27
凯翼,凯翼V3,7
凯翼,凯翼X5,6
科尼赛克,Agera,1
科尼赛克,科尼赛克CCX (停售),1
科尼赛克,科尼赛克CCXR (停售),2
克莱斯勒,铂锐 (停售),4
克莱斯勒,克莱斯勒300C (停售),5
克莱斯勒,大捷龙 (停售),5
克莱斯勒,克莱斯勒300C(进口),11
克莱斯勒,大捷龙(进口),3
克莱斯勒,大捷龙PHEV(进口),1
克莱斯勒,PT 漫步者 (停售),2
克莱斯勒,交叉火力 (停售),1
LITE,LITE,4
LOCAL MOTORS,RALLY FIGHTER,1
Lorinser,Lorinser S级 (停售),4
Lorinser,Lorinser M级 (停售),2
Lorinser,Lorinser MAYBACH S650,1
Lorinser,Lorinser GS500,1
Lorinser,Lorinser MS500L,1
Lorinser,Lorinser VS系列,3
Lorinser,Metris MS500,2
Lorinser,Sprinter LS500,1
兰博基尼,Urus,1
兰博基尼,Huracán,8
兰博基尼,Aventador,6
兰博基尼,Gallardo (停售),12
兰博基尼,Murcielago (停售),5
兰博基尼,Reventon (停售),1
劳斯莱斯,库里南,2
劳斯莱斯,幻影,12
劳斯莱斯,古思特,10
劳斯莱斯,魅影,2
劳斯莱斯,曜影,1
雷克萨斯,雷克萨斯CT,29
雷克萨斯,雷克萨斯IS,31
雷克萨斯,雷克萨斯ES,46
雷克萨斯,雷克萨斯GS,32
雷克萨斯,雷克萨斯LS,28
雷克萨斯,雷克萨斯NX,28
雷克萨斯,雷克萨斯GX,7
雷克萨斯,雷克萨斯RX,10
雷克萨斯,雷克萨斯LX,14
雷克萨斯,雷克萨斯LC,3
雷克萨斯,雷克萨斯RC,6
雷克萨斯,雷克萨斯RX经典 (停售),28
雷克萨斯,雷克萨斯SC (停售),3
雷克萨斯,雷克萨斯RC F,9
雷克萨斯,雷克萨斯LFA (停售),1
雷诺,科雷傲,16
雷诺,科雷嘉,12
雷诺,风朗,11
雷诺,卡缤,8
雷诺,Espace,3
雷诺,梅甘娜,7
雷诺,塔利斯曼,8
雷诺,科雷傲(进口),56
雷诺,风景,14
雷诺,拉古那 (停售),8
雷诺,纬度 (停售),18
雷诺,威赛帝 (停售),1
理念,理念S1 (停售),15
理想智造,理想智造ONE,1
力帆汽车,力帆650,2
力帆汽车,力帆330EV,4
力帆汽车,力帆620EV,4
力帆汽车,力帆650EV,2
力帆汽车,力帆820,5
力帆汽车,力帆820EV,4
力帆汽车,力帆X50,6
力帆汽车,力帆X60,14
力帆汽车,迈威,8
力帆汽车,迈威新能源,1
力帆汽车,力帆X80,5
力帆汽车,轩朗,12
力帆汽车,丰顺,12
力帆汽车,福顺,4
力帆汽车,乐途,10
力帆汽车,兴顺,8
力帆汽车,力帆T11,6
力帆汽车,力帆T21,2
力帆汽车,力帆320 (停售),18
力帆汽车,力帆330 (停售),6
力帆汽车,力帆530 (停售),9
力帆汽车,力帆520 (停售),41
力帆汽车,力帆620 (停售),26
力帆汽车,力帆630 (停售),10
力帆汽车,力帆720 (停售),18
莲花汽车,竞速 (停售),6
莲花汽车,竞悦 (停售),2
莲花汽车,莲花L3 (停售),19
莲花汽车,莲花L5 (停售),37
猎豹汽车,猎豹CS9,15
猎豹汽车,猎豹CS9新能源,5
猎豹汽车,Mattu,7
猎豹汽车,猎豹CS10,32
猎豹汽车,黑金刚,16
猎豹汽车,猎豹Q6,9
猎豹汽车,猎豹CT7,20
猎豹汽车,飞腾 (停售),21
猎豹汽车,猎豹CS7 (停售),8
猎豹汽车,飞腾C5 (停售),2
猎豹汽车,猎豹C5EV (停售),2
猎豹汽车,猎豹6481 (停售),4
猎豹汽车,猎豹CS6 (停售),17
猎豹汽车,骐菱 (停售),3
猎豹汽车,飞铃 (停售),4
猎豹汽车,飞扬 (停售),5
猎豹汽车,猎豹CT5 (停售),8
林肯,林肯MKZ,23
林肯,林肯大陆,11
林肯,林肯MKC,20
林肯,林肯MKX,13
林肯,领航员,7
林肯,林肯MKT,1
林肯,林肯MKS (停售),1
林肯,城市 (停售),2
铃木,北斗星,54
铃木,北斗星X5,12
铃木,利亚纳A6,31
铃木,派喜 (停售),6
铃木,利亚纳 (停售),47
铃木,浪迪 (停售),13
铃木,奥拓,25
铃木,雨燕,62
铃木,启悦,8
铃木,天语 SX4,69
铃木,维特拉,10
铃木,骁途,7
铃木,羚羊 (停售),18
铃木,天语 尚悦 (停售),12
铃木,锋驭 (停售),13
铃木,吉姆尼(进口),28
铃木,英格尼斯,1
铃木,超级维特拉,18
铃木,速翼特,2
铃木,凯泽西 (停售),12
零跑汽车,零跑S01,1
领克,领克03,6
领克,领克01,7
领克,领克01新能源,3
领克,领克02,8
领途汽车,领途K-ONE,4
领途汽车,领途E行,2
陆地方舟,威途X35,5
陆地方舟,艾威 (停售),2
陆地方舟,陆地方舟风尚 (停售),1
陆地方舟,陆地方舟V5 (停售),2
陆风,陆风X2,9
陆风,陆风X5,27
陆风,陆风X7,10
陆风,陆风X8,83
陆风,陆风逍遥,13
陆风,风华 (停售),4
陆风,陆风X6 (停售),31
陆风,陆风X9 (停售),17
陆风,风尚 (停售),15
路虎,发现神行,17
路虎,揽胜极光,21
路虎,揽胜极光(进口),26
路虎,揽胜星脉,14
路虎,发现,49
路虎,揽胜运动版,54
路虎,揽胜,60
路虎,揽胜新能源,1
路虎,揽胜运动版新能源,1
路虎,发现神行(进口),2
路虎,卫士,1
路虎,神行者2 (停售),33
路虎,神行者 (停售),2
路特斯,Evora,6
路特斯,Exige,3
路特斯,Elise,5
罗夫哈特,罗夫哈特GR500,2
MINI,MINI,105
MINI,MINI CLUBMAN,35
MINI,MINI COUNTRYMAN,43
MINI,MINI ROADSTER (停售),2
MINI,MINI PACEMAN (停售),6
MINI,MINI COUPE (停售),2
MINI,MINI JCW,8
MINI,MINI JCW CLUBMAN,3
MINI,MINI JCW COUNTRYMAN,4
MINI,MINI JCW PACEMAN (停售),2
MINI,MINI JCW COUPE (停售),1
马自达,马自达3 Axela昂克赛拉,36
马自达,马自达CX-5,22
马自达,马自达2 (停售),23
马自达,马自达2劲翔 (停售),11
马自达,马自达3 (停售),18
马自达,马自达3星骋 (停售),20
马自达,阿特兹,24
马自达,马自达CX-4,19
马自达,马自达6 (停售),37
马自达,睿翼 (停售),20
马自达,马自达CX-7 (停售),5
马自达,马自达8 (停售),9
马自达,马自达CX-3,2
马自达,马自达MX-5,5
马自达,马自达3(进口),7
马自达,ATENZA,1
马自达,马自达CX-5(进口),5
马自达,马自达CX-9,1
马自达,马自达CX-7(进口) (停售),2
马自达,马自达5 (停售),9
马自达,马自达8(进口) (停售),1
马自达,马自达RX-8 (停售),3
玛莎拉蒂,Ghibli,8
玛莎拉蒂,总裁,25
玛莎拉蒂,Levante,10
玛莎拉蒂,GranTurismo,7
玛莎拉蒂,GranCabrio,4
玛莎拉蒂,Coupe,2
玛莎拉蒂,玛莎拉蒂Spyder (停售),1
迈巴赫,迈巴赫 (停售),4
迈凯伦,迈凯伦540C,2
迈凯伦,迈凯伦570,5
迈凯伦,迈凯伦600LT,1
迈凯伦,迈凯伦720S,2
迈凯伦,迈凯伦P1,1
迈凯伦,迈凯伦650S,2
迈凯伦,迈凯伦675LT,1
迈凯伦,迈凯伦12C (停售),5
迈凯伦,迈凯伦625C (停售),2
名爵,名爵3,26
名爵,名爵3SW,11
名爵,名爵6,60
名爵,名爵6新能源,3
名爵,锐行,18
名爵,名爵ZS,18
名爵,名爵HS,9
名爵,锐腾,35
名爵,名爵5 (停售),16
名爵,名爵7 (停售),32
名爵,名爵TF (停售),2
摩根,摩根EV3,1
摩根,3 Wheeler,3
摩根,摩根4-4,1
摩根,摩根Aero,2
摩根,摩根Aero 8,1
摩根,摩根Plus 4,2
摩根,摩根Plus 8,1
摩根,摩根Roadster,2
NEVS国能汽车,国能汽车93,1
哪吒汽车,哪吒N01,3
纳智捷,纳5,21
纳智捷,锐3,7
纳智捷,U5 SUV,16
纳智捷,优6 SUV,42
纳智捷,大7 MPV,17
纳智捷,大7 SUV (停售),27
纳智捷,MASTER CEO (停售),2
南京金龙,开沃D07,4
南京金龙,开沃D08,1
南京金龙,开沃D09,1
南京金龙,开沃D10,1
南京金龙,开沃D11,21
讴歌,讴歌RDX,5
讴歌,讴歌TLX-L,5
讴歌,讴歌CDX,11
讴歌,讴歌MDX,14
讴歌,讴歌NSX,1
讴歌,讴歌RDX(进口),5
讴歌,讴歌ILX,2
讴歌,讴歌TLX,2
讴歌,讴歌RLX,2
讴歌,讴歌ZDX,1
讴歌,讴歌TL (停售),7
讴歌,讴歌RL (停售),3
欧宝,雅特,17
欧宝,英速亚,2
欧宝,麦瑞纳,2
欧宝,赛飞利,8
欧宝,威达 (停售),5
欧宝,安德拉 (停售),14
欧拉,欧拉R1,3
欧拉,欧拉iQ,3
欧朗,欧朗 (停售),10
欧尚汽车,欧尚COS1°(科赛),7
Polestar,Polestar 1,1
帕加尼,Huayra,1
奇瑞,艾瑞泽5,29
奇瑞,艾瑞泽7,38
奇瑞,艾瑞泽EX,7
奇瑞,艾瑞泽GX,8
奇瑞,瑞虎3,36
奇瑞,瑞虎3x,19
奇瑞,瑞虎5x,14
奇瑞,瑞虎7,30
奇瑞,瑞虎8,15
奇瑞,爱卡,2
奇瑞,奇瑞QQ,4
奇瑞,瑞虎5,44
奇瑞,奇瑞QQ3 (停售),70
奇瑞,奇瑞QQ6 (停售),8
奇瑞,奇瑞QQme (停售),5
奇瑞,旗云1 (停售),10
奇瑞,风云2 (停售),22
奇瑞,奇瑞A1 (停售),12
奇瑞,奇瑞E3 (停售),8
奇瑞,旗云 (停售),34
奇瑞,旗云2 (停售),8
奇瑞,艾瑞泽3 (停售),10
奇瑞,艾瑞泽7e (停售),3
奇瑞,风云 (停售),4
奇瑞,奇瑞A3 (停售),33
奇瑞,奇瑞A5 (停售),18
奇瑞,奇瑞E5 (停售),14
奇瑞,旗云3 (停售),6
奇瑞,东方之子 (停售),43
奇瑞,旗云5 (停售),5
奇瑞,奇瑞X1 (停售),14
奇瑞,瑞虎 (停售),68
奇瑞,艾瑞泽M7 (停售),10
奇瑞,东方之子Cross (停售),21
奇瑞,奇瑞eQ,4
奇瑞,奇瑞eQ1,12
奇瑞,艾瑞泽5e,6
奇瑞,瑞虎3xe,6
奇瑞,奇瑞QQ3EV (停售),6
启辰,启辰T60,10
启辰,晨风,4
启辰,启辰D60,17
启辰,启辰T70,29
启辰,启辰T90,12
启辰,启辰M50V,12
启辰,启辰R30 (停售),8
启辰,启辰D50 (停售),20
启辰,启辰R50 (停售),20
启辰,启辰R50X (停售),12
启辰,启辰T70X (停售),6
起亚,起亚KX3新能源,1
起亚,KX CROSS,3
起亚,焕驰,5
起亚,起亚K2,46
起亚,福瑞迪,33
起亚,起亚K3,24
起亚,凯绅,4
起亚,起亚K5,53
起亚,起亚K5新能源,2
起亚,起亚KX3,20
起亚,奕跑,2
起亚,起亚KX5,9
起亚,智跑,41
起亚,起亚KX7,8
起亚,千里马 (停售),20
起亚,锐欧 (停售),7
起亚,秀尔 (停售),16
起亚,赛拉图 (停售),39
起亚,起亚K3S (停售),6
起亚,起亚K4 (停售),20
起亚,远舰 (停售),13
起亚,狮跑 (停售),32
起亚,嘉华 (停售),9
起亚,起亚K9,4
起亚,斯汀格,2
起亚,极睿,3
起亚,索兰托,145
起亚,霸锐,5
起亚,佳乐,26
起亚,嘉华(进口),12
起亚,起亚K5(进口),3
起亚,凯尊,19
起亚,SPORTAGE,4
起亚,欧菲莱斯 (停售),8
起亚,起亚VQ (停售),6
起亚,速迈 (停售),30
前途,前途K50,1
乔治·巴顿,战剑,1
乔治·巴顿,战车,2
庆铃汽车,庆铃TAGA,5
全球鹰,全球鹰K10,2
全球鹰,全球鹰K11,2
全球鹰,全球鹰K12,1
全球鹰,全球鹰K17,2
全球鹰,全球鹰K27,4
全球鹰,全球鹰EX3,3
日产,玛驰,9
日产,骊威,46
日产,骐达,43
日产,轩逸,82
日产,阳光,30
日产,LANNIA 蓝鸟,16
日产,轩逸·纯电,2
日产,天籁,85
日产,西玛,3
日产,劲客,6
日产,逍客,42
日产,途达,6
日产,奇骏,49
日产,楼兰,25
日产,颐达 (停售),19
日产,蓝鸟 (停售),9
日产,骏逸 (停售),6
日产,途达,6
日产,日产NV200,45
日产,纳瓦拉,8
日产,日产D22,12
日产,日产ZN厢式车,16
日产,帕拉丁 (停售),38
日产,途乐,9
日产,贵士,5
日产,日产370Z,4
日产,日产GT-R,16
日产,碧莲,3
日产,奇骏(进口),3
日产,楼兰(海外),1
日产,风度 (停售),2
日产,风雅 (停售),6
日产,CIMA (停售),1
日产,日产350Z (停售),2
荣威,荣威360,23
荣威,荣威Ei5,2
荣威,荣威ei6,3
荣威,荣威i5,9
荣威,荣威i6,18
荣威,荣威950,14
荣威,荣威e950,3
荣威,荣威RX3,9
荣威,荣威RX5,34
荣威,荣威RX5新能源,6
荣威,荣威MARVEL X,3
荣威,荣威RX8,8
荣威,荣威e50,2
荣威,荣威350,33
荣威,荣威550,47
荣威,荣威e550,3
荣威,荣威W5,14
荣威,荣威750 (停售),30
容大智造,迈图,2
如虎,如虎 XL,1
如虎,如虎 CTR 3,1
瑞驰新能源,瑞驰新能源EC35,1
瑞驰新能源,瑞驰新能源EK05,1
瑞麒,瑞麒M1 (停售),22
瑞麒,瑞麒M5 (停售),3
瑞麒,瑞麒G3 (停售),7
瑞麒,瑞麒G5 (停售),15
瑞麒,瑞麒G6 (停售),3
smart,smart fortwo,92
smart,smart forfour,11
smart,smart forjeremy,1
smart,smart fortwo新能源,1
SWM斯威汽车,SWM斯威G01,15
SWM斯威汽车,SWM斯威X3,11
SWM斯威汽车,SWM斯威X7,30
萨博,Saab 9-3,11
萨博,Saab 9-5 (停售),4
赛麟,赛麟科迈罗,5
赛麟,赛麟Mustang (停售),9
三菱,欧蓝德经典 (停售),14
三菱,帕杰罗速跑 (停售),5
三菱,风迪思 (停售),8
三菱,蓝瑟 (停售),20
三菱,翼神 (停售),54
三菱,三菱戈蓝 (停售),13
三菱,君阁 (停售),12
三菱,菱绅 (停售),15
三菱,奕歌,5
三菱,劲炫ASX,18
三菱,欧蓝德,11
三菱,帕杰罗·劲畅,4
三菱,帕杰罗 (停售),23
三菱,帕杰罗(进口),48
三菱,LANCER,7
三菱,ASX劲炫(进口),9
三菱,欧蓝德(进口),42
三菱,帕杰罗·劲畅(进口),2
三菱,格蓝迪 (停售),9
三菱,伊柯丽斯 (停售),4
陕汽通家,福家,18
陕汽通家,龙锐,8
上汽大通,上汽大通D90,9
上汽大通,上汽大通EG10,6
上汽大通,上汽大通G10,43
上汽大通,上汽大通V80,280
上汽大通,上汽大通T60,96
上汽大通,伊思坦纳 (停售),11
世爵,世爵C8,1
双环,小贵族 (停售),8
双环,来宝SRV (停售),4
双环,双环SCEO (停售),70
双龙,主席,8
双龙,蒂维拉,6
双龙,柯兰多,28
双龙,爱腾,37
双龙,雷斯特W,6
双龙,路帝,10
双龙,途凌,16
双龙,雷斯特,12
双龙,享御 (停售),16
思铭,思铭 (停售),5
斯巴鲁,力狮,39
斯巴鲁,斯巴鲁XV,39
斯巴鲁,森林人,93
斯巴鲁,傲虎,50
斯巴鲁,翼豹,23
斯巴鲁,斯巴鲁BRZ,10
斯巴鲁,驰鹏 (停售),3
斯达泰克,斯达泰克-卫士,2
斯达泰克,斯达泰克-揽胜 (停售),7
斯达泰克,斯达泰克-揽胜运动版 (停售),4
斯柯达,柯迪亚克GT,2
斯柯达,晶锐,56
斯柯达,明锐,138
斯柯达,昕动,29
斯柯达,昕锐,35
斯柯达,速派,27
斯柯达,柯米克,4
斯柯达,柯珞克,4
斯柯达,柯迪亚克,19
斯柯达,Yeti,23
斯柯达,昊锐 (停售),22
斯柯达,明锐(进口),2
斯柯达,速派(进口),4
斯柯达,速尊,2
斯柯达,Yeti(进口),2
泰卡特,泰卡特 T9,1
泰卡特,泰卡特 T7 (停售),3
泰卡特,泰卡特 T1 (停售),1
泰卡特,泰卡特 T2 (停售),1
泰卡特,泰卡特 T3 (停售),1
特斯拉,Model 3,1
特斯拉,Model S,28
特斯拉,Model X,7
腾势,腾势,7
WEY,WEY VV5,5
WEY,WEY VV6,5
WEY,WEY P8,3
WEY,WEY VV7,6
威麟,威麟X5 (停售),8
威麟,威麟V5 (停售),15
威麟,威麟H5,8
威麟,威麟H6,4
威麟,威麟H3 (停售),1
威马汽车,威马EX5,8
威兹曼,威兹曼GT,4
威兹曼,威兹曼Roadster (停售),3
潍柴英致,英致EX1,1
潍柴英致,英致G3,14
潍柴英致,英致G5,9
潍柴英致,英致727,5
潍柴英致,英致737,11
潍柴英致,英致737EV,2
蔚来,蔚来EP9,1
蔚来,蔚来ES8,2
沃尔沃,沃尔沃S40 (停售),19
沃尔沃,沃尔沃S80L (停售),27
沃尔沃,沃尔沃S60L,30
沃尔沃,沃尔沃S60L新能源,4
沃尔沃,沃尔沃S90,15
沃尔沃,沃尔沃S90新能源,3
沃尔沃,沃尔沃XC60,35
沃尔沃,沃尔沃XC60新能源,4
沃尔沃,XC Classic (停售),2
沃尔沃,沃尔沃V40,41
沃尔沃,沃尔沃S60,31
沃尔沃,沃尔沃V60,32
沃尔沃,沃尔沃V90,5
沃尔沃,沃尔沃XC40,5
沃尔沃,沃尔沃XC90,65
沃尔沃,沃尔沃XC90新能源,13
沃尔沃,沃尔沃S80,10
沃尔沃,沃尔沃S90(进口),2
沃尔沃,沃尔沃XC60(进口),45
沃尔沃,沃尔沃C30 (停售),21
沃尔沃,沃尔沃S40(进口) (停售),4
沃尔沃,沃尔沃C70 (停售),5
五菱汽车,五菱宏光S3,5
五菱汽车,五菱宏光,44
五菱汽车,五菱荣光,17
五菱汽车,五菱荣光V,16
五菱汽车,五菱之光,32
五菱汽车,五菱之光V,5
五菱汽车,PN货车,2
五菱汽车,五菱荣光小卡,8
五菱汽车,五菱荣光新卡,4
五菱汽车,五菱之光小卡,2
五菱汽车,五菱征程 (停售),3
五十铃,mu-X牧游侠,53
五十铃,D-MAX,16
五十铃,铃拓,8
五十铃,瑞迈,42
五十铃,竞技者,1
五十铃,五十铃皮卡,18
西雅特,伊比飒,4
西雅特,LEON,3
西雅特,欧悦搏,6
现代,瑞纳,44
现代,悦纳,6
现代,悦纳RV,5
现代,悦动,36
现代,菲斯塔,10
现代,领动,12
现代,伊兰特EV,2
现代,逸行,4
现代,名图,18
现代,索纳塔插电混动,3
现代,索纳塔九,25
现代,ENCINO 昂希诺,4
现代,北京现代ix25,13
现代,途胜,25
现代,北京现代ix35,49
现代,全新胜达,31
现代,瑞奕,10
现代,朗动,20
现代,雅绅特 (停售),20
现代,北京现代i30 (停售),8
现代,伊兰特 (停售),23
现代,领翔 (停售),9
现代,名驭 (停售),9
现代,索纳塔 (停售),16
现代,索纳塔八 (停售),37
现代,御翔 (停售),6
现代,康恩迪,2
现代,Veloster飞思,13
现代,雅尊,13
现代,捷恩斯,12
现代,雅科仕,24
现代,格越,59
现代,H-1辉翼,3
现代,索纳塔(进口),1
现代,途胜(进口),2
现代,全新胜达(进口),29
现代,新胜达(进口),20
现代,君爵 (停售),2
现代,劳恩斯 (停售),9
现代,维拉克斯 (停售),6
现代,美佳 (停售),3
现代,酷派 (停售),4
现代,劳恩斯-酷派 (停售),10
小鹏汽车,小鹏汽车G3,2
新凯,新凯V-Class,2
新凯,新凯凌特,1
新凯,新凯威霆,2
新凯,凯胜 (停售),3
新特汽车,SITECH DEV 1,4
鑫源,好运1号,4
鑫源,鑫源X30L,6
鑫源,鑫源X30LEV,3
鑫源,鑫源T20EV,4
雪佛兰,赛欧,57
雪佛兰,乐风RV,9
雪佛兰,科鲁兹,89
雪佛兰,科沃兹,19
雪佛兰,沃兰多,4
雪佛兰,迈锐宝,33
雪佛兰,迈锐宝XL,24
雪佛兰,创酷,17
雪佛兰,探界者,20
雪佛兰,科帕奇,17
雪佛兰,爱唯欧 (停售),30
雪佛兰,乐骋 (停售),23
雪佛兰,乐风 (停售),26
雪佛兰,景程 (停售),40
雪佛兰,科迈罗,6
雪佛兰,库罗德,3
雪佛兰,索罗德,4
雪佛兰,斯帕可,2
雪佛兰,沃蓝达,1
雪佛兰,科帕奇(进口),11
雪铁龙,雪铁龙C4L,42
雪铁龙,爱丽舍,74
雪铁龙,C4世嘉,18
雪铁龙,雪铁龙C5,51
雪铁龙,雪铁龙C6,12
雪铁龙,雪铁龙C3-XR,24
雪铁龙,云逸 C4 AIRCROSS,7
雪铁龙,天逸 C5 AIRCROSS,15
雪铁龙,雪铁龙C2 (停售),23
雪铁龙,世嘉 (停售),92
雪铁龙,富康 (停售),10
雪铁龙,凯旋 (停售),15
雪铁龙,赛纳 (停售),8
雪铁龙,毕加索 (停售),7
雪铁龙,雪铁龙C4 Aircross(进口),9
雪铁龙,C4 PICASSO,7
雪铁龙,雪铁龙C3,1
雪铁龙,雪铁龙C4,6
雪铁龙,雪铁龙C5(进口),12
雪铁龙,雪铁龙C6(进口) (停售),3
野马汽车,野马T70,29
野马汽车,野马T80,14
野马汽车,野马U能E350,2
野马汽车,斯派卡,3
野马汽车,野马EC30,1
野马汽车,野马F10 (停售),6
野马汽车,野马F12 (停售),4
野马汽车,野马F16 (停售),3
野马汽车,野马F99 (停售),9
一汽,威志V5,16
一汽,夏利N5,17
一汽,夏利N7,10
一汽,骏派A50,6
一汽,骏派A70,6
一汽,骏派A70E,2
一汽,骏派CX65,4
一汽,骏派D60,23
一汽,骏派D80,7
一汽,威乐 (停售),7
一汽,威志 (停售),19
一汽,威志V2 (停售),5
一汽,威姿 (停售),7
一汽,夏利 (停售),45
一汽,蓝舰T340,8
一汽,森雅R7,34
一汽,森雅R9,8
一汽,佳宝V52,4
一汽,佳宝V55,1
一汽,佳宝V75,2
一汽,佳宝V77,3
一汽,佳宝V80,15
一汽,佳宝T50,2
一汽,佳宝T51,1
一汽,佳宝T57,2
一汽,解放T80,9
一汽,森雅S80 (停售),48
一汽,森雅M80 (停售),22
一汽,佳宝V70 (停售),4
一汽,佳宝V70 II代 (停售),6
一汽,坤程,7
依维柯,依维柯Daily(欧胜),18
依维柯,依维柯Ouba,17
依维柯,依维柯Venice,4
依维柯,依维柯褒迪Power Daily,87
依维柯,依维柯得意,23
依维柯,都灵 (停售),8
英菲尼迪,英菲尼迪Q50L,17
英菲尼迪,英菲尼迪QX50,10
英菲尼迪,英菲尼迪Q50,9
英菲尼迪,英菲尼迪Q70,22
英菲尼迪,英菲尼迪ESQ,3
英菲尼迪,英菲尼迪QX30,11
英菲尼迪,英菲尼迪QX60,9
英菲尼迪,英菲尼迪QX70,6
英菲尼迪,英菲尼迪QX80,2
英菲尼迪,英菲尼迪Q60,5
英菲尼迪,英菲尼迪QX50(进口),5
英菲尼迪,英菲尼迪G系 (停售),20
英菲尼迪,英菲尼迪M系 (停售),13
英菲尼迪,英菲尼迪EX (停售),15
英菲尼迪,英菲尼迪FX (停售),23
英菲尼迪,英菲尼迪JX (停售),2
英菲尼迪,英菲尼迪QX (停售),4
英菲尼迪,英菲尼迪Q60S (停售),1
永源,永源五星,3
永源,猎鹰 (停售),15
永源,永源A380 (停售),64
宇通客车,宇通CL6,2
宇通客车,宇通T7,6
驭胜,驭胜S350,78
驭胜,驭胜S330,9
御捷,御捷E驰 (停售),1
裕路,裕路EV2,2
云度,云度π1,8
云度,云度π3,7
云雀汽车,云雀Q1,4
之诺,之诺1E,1
之诺,之诺60H,1
知豆,知豆D2,8
知豆,知豆D3,3
知豆,知豆 (停售),1
知豆,知豆D1 (停售),2
中华,中华H230EV,2
中华,中华H3,6
中华,中华H530,25
中华,中华V3,35
中华,中华V5,27
中华,中华V6,8
中华,中华V7,11
中华,中华豚,3
中华,中华H220,6
中华,中华H230,6
中华,中华H330,5
中华,中华H320 (停售),4
中华,中华骏捷Cross (停售),12
中华,中华骏捷FRV (停售),14
中华,中华骏捷FSV (停售),23
中华,中华骏捷 (停售),47
中华,中华尊驰 (停售),49
中华,中华酷宝 (停售),4
中兴,中兴C3 (停售),3
中兴,中兴GX3 (停售),3
中兴,领主,60
中兴,威虎,66
中兴,小老虎,16
中兴,无限 (停售),2
中兴,无限V3 (停售),5
中兴,无限V5 (停售),8
中兴,无限V7 (停售),2
中兴,昌铃 (停售),3
中兴,旗舰A9 (停售),4
中兴,威虎G3 (停售),21
众泰,云100,5
众泰,芝麻,4
众泰,众泰E200,4
众泰,众泰Z360,6
众泰,众泰Z500EV,2
众泰,众泰Z560,14
众泰,众泰Z700,14
众泰,众泰T300,24
众泰,众泰T300新能源,3
众泰,大迈X5,52
众泰,众泰SR7,25
众泰,众泰T500,10
众泰,大迈X7,22
众泰,众泰SR9,12
众泰,众泰T600,62
众泰,众泰T600 Coupe,11
众泰,众泰T700,18
众泰,众泰T800,10
众泰,众泰V10,6
众泰,江南T11 (停售),1
众泰,江南TT (停售),3
众泰,众泰Z100 (停售),3
众泰,众泰Z200 (停售),11
众泰,众泰Z200HB (停售),12
众泰,众泰Z300 (停售),27
众泰,众泰Z500 (停售),13
众泰,众泰2008 (停售),17
众泰,众泰5008 (停售),16
众泰,众泰T200 (停售),5
众泰,众泰M300 (停售),9
